dealer_id,date,interaction_type,notes,duration_mins
D001,2024-01-05,Review Meeting,Addressed complaints related to warranty delays.,71
D001,2024-06-15,Dealer Visit,Aligned on quarterly targets and marketing support.,74
D001,2024-08-25,Dealer Visit,Talked about EV potential in the region.,58
D001,2024-06-06,Dealer Visit,Talked about EV potential in the region.,47
D001,2024-01-09,Call,Aligned on quarterly targets and marketing support.,33
D001,2024-05-29,Video Call,Discussed sales performance and incentives.,60
D001,2024-05-22,Review Meeting,Reviewed service quality and customer feedback.,71
D001,2024-02-19,Call,Talked about EV potential in the region.,51
D001,2024-10-18,Email,Addressed complaints related to warranty delays.,23
D001,2024-04-11,Review Meeting,Discussed sales performance and incentives.,49
D001,2024-08-21,Call,Reviewed service quality and customer feedback.,75
D001,2024-01-24,Review Meeting,Addressed complaints related to warranty delays.,57
D001,2024-07-26,Dealer Visit,Aligned on quarterly targets and marketing support.,42
D001,2024-10-13,Dealer Visit,Talked about EV potential in the region.,22
D001,2024-09-14,Video Call,Discussed sales performance and incentives.,63
D001,2024-01-27,Dealer Visit,Reviewed service quality and customer feedback.,74
D001,2024-06-18,Call,Aligned on quarterly targets and marketing support.,44
D001,2024-07-07,Dealer Visit,Addressed complaints related to warranty delays.,35
D001,2024-04-29,Dealer Visit,Aligned on quarterly targets and marketing support.,71
D002,2024-02-19,Dealer Visit,Addressed complaints related to warranty delays.,52
D002,2024-07-03,Video Call,Talked about EV potential in the region.,46
D002,2024-03-04,Email,Aligned on quarterly targets and marketing support.,30
D002,2024-03-24,Review Meeting,Talked about EV potential in the region.,83
D002,2024-11-08,Video Call,Talked about EV potential in the region.,50
D002,2024-12-16,Video Call,Addressed complaints related to warranty delays.,38
D002,2024-07-01,Email,Aligned on quarterly targets and marketing support.,74
D002,2024-02-29,Call,Aligned on quarterly targets and marketing support.,24
D002,2024-06-22,Video Call,Reviewed service quality and customer feedback.,44
D002,2024-08-15,Video Call,Talked about EV potential in the region.,18
D002,2024-02-19,Email,Discussed sales performance and incentives.,66
D003,2024-01-11,Review Meeting,Reviewed service quality and customer feedback.,21
D003,2024-01-22,Dealer Visit,Discussed sales performance and incentives.,59
D003,2024-06-14,Video Call,Addressed complaints related to warranty delays.,12
D003,2024-01-24,Review Meeting,Addressed complaints related to warranty delays.,44
D003,2024-10-08,Email,Talked about EV potential in the region.,87
D004,2024-08-05,Dealer Visit,Reviewed service quality and customer feedback.,59
D004,2024-01-17,Video Call,Reviewed service quality and customer feedback.,53
D004,2024-01-30,Email,Addressed complaints related to warranty delays.,77
D004,2024-10-26,Dealer Visit,Aligned on quarterly targets and marketing support.,62
D004,2024-08-13,Review Meeting,Talked about EV potential in the region.,65
D004,2024-04-28,Video Call,Aligned on quarterly targets and marketing support.,35
D004,2024-02-23,Email,Aligned on quarterly targets and marketing support.,21
D004,2024-10-02,Dealer Visit,Talked about EV potential in the region.,40
D004,2024-07-26,Dealer Visit,Reviewed service quality and customer feedback.,69
D004,2024-08-05,Review Meeting,Aligned on quarterly targets and marketing support.,10
D004,2024-02-18,Dealer Visit,Addressed complaints related to warranty delays.,72
D004,2024-02-14,Call,Addressed complaints related to warranty delays.,52
D004,2024-03-13,Call,Discussed sales performance and incentives.,10
D004,2024-10-23,Call,Discussed sales performance and incentives.,71
D004,2024-07-02,Email,Reviewed service quality and customer feedback.,66
D004,2024-12-22,Dealer Visit,Discussed sales performance and incentives.,60
D004,2024-09-04,Dealer Visit,Discussed sales performance and incentives.,16
D005,2024-06-23,Dealer Visit,Addressed complaints related to warranty delays.,51
D005,2024-11-10,Email,Talked about EV potential in the region.,59
D005,2024-06-13,Call,Addressed complaints related to warranty delays.,12
D005,2024-01-22,Review Meeting,Aligned on quarterly targets and marketing support.,25
D005,2024-09-17,Email,Discussed sales performance and incentives.,31
D005,2024-08-11,Call,Addressed complaints related to warranty delays.,46
D005,2024-05-25,Review Meeting,Aligned on quarterly targets and marketing support.,25
D005,2024-04-08,Call,Discussed sales performance and incentives.,78
D005,2024-09-18,Review Meeting,Talked about EV potential in the region.,31
D005,2024-07-03,Review Meeting,Talked about EV potential in the region.,26
D005,2024-02-21,Call,Addressed complaints related to warranty delays.,14
D005,2024-07-28,Email,Reviewed service quality and customer feedback.,68
D006,2024-11-27,Call,Discussed sales performance and incentives.,67
D006,2024-09-03,Review Meeting,Reviewed service quality and customer feedback.,68
D006,2024-03-23,Dealer Visit,Reviewed service quality and customer feedback.,79
D006,2024-03-16,Review Meeting,Addressed complaints related to warranty delays.,83
D006,2024-08-23,Video Call,Talked about EV potential in the region.,54
D006,2024-04-26,Video Call,Aligned on quarterly targets and marketing support.,87
D006,2024-09-14,Call,Talked about EV potential in the region.,42
D006,2024-08-18,Email,Aligned on quarterly targets and marketing support.,17
D006,2024-12-06,Review Meeting,Reviewed service quality and customer feedback.,63
D006,2024-06-25,Dealer Visit,Talked about EV potential in the region.,60
D006,2024-09-23,Call,Discussed sales performance and incentives.,59
D006,2024-11-12,Call,Aligned on quarterly targets and marketing support.,47
D006,2024-10-13,Email,Aligned on quarterly targets and marketing support.,17
D006,2024-11-20,Review Meeting,Aligned on quarterly targets and marketing support.,11
D007,2024-09-11,Call,Discussed sales performance and incentives.,33
D007,2024-08-15,Dealer Visit,Discussed sales performance and incentives.,24
D007,2024-06-03,Email,Aligned on quarterly targets and marketing support.,34
D007,2024-09-19,Video Call,Addressed complaints related to warranty delays.,73
D007,2024-02-26,Call,Addressed complaints related to warranty delays.,89
D007,2024-07-02,Call,Reviewed service quality and customer feedback.,83
D007,2024-10-22,Dealer Visit,Addressed complaints related to warranty delays.,70
D007,2024-04-20,Email,Talked about EV potential in the region.,33
D007,2024-06-15,Call,Discussed sales performance and incentives.,51
D007,2024-04-28,Video Call,Addressed complaints related to warranty delays.,53
D007,2024-01-01,Review Meeting,Discussed sales performance and incentives.,38
D008,2024-01-04,Dealer Visit,Talked about EV potential in the region.,89
D008,2024-03-02,Call,Reviewed service quality and customer feedback.,25
D008,2024-03-17,Review Meeting,Reviewed service quality and customer feedback.,28
D008,2024-01-26,Email,Discussed sales performance and incentives.,26
D008,2024-04-04,Video Call,Reviewed service quality and customer feedback.,47
D008,2024-10-18,Review Meeting,Reviewed service quality and customer feedback.,83
D008,2024-03-22,Review Meeting,Aligned on quarterly targets and marketing support.,35
D008,2024-04-07,Review Meeting,Talked about EV potential in the region.,16
D008,2024-04-10,Email,Reviewed service quality and customer feedback.,21
D008,2024-09-03,Call,Addressed complaints related to warranty delays.,38
D008,2024-11-23,Video Call,Discussed sales performance and incentives.,80
D008,2024-11-01,Call,Aligned on quarterly targets and marketing support.,38
D008,2024-12-27,Dealer Visit,Discussed sales performance and incentives.,58
D009,2024-02-18,Video Call,Addressed complaints related to warranty delays.,10
D009,2024-12-14,Review Meeting,Addressed complaints related to warranty delays.,61
D009,2024-08-17,Email,Talked about EV potential in the region.,67
D009,2024-01-31,Call,Talked about EV potential in the region.,33
D009,2024-02-22,Email,Aligned on quarterly targets and marketing support.,16
D009,2024-04-11,Dealer Visit,Talked about EV potential in the region.,87
D009,2024-04-23,Review Meeting,Aligned on quarterly targets and marketing support.,25
D009,2024-10-20,Email,Reviewed service quality and customer feedback.,41
D009,2024-03-13,Review Meeting,Aligned on quarterly targets and marketing support.,89
D009,2024-11-17,Call,Addressed complaints related to warranty delays.,42
D009,2024-11-18,Video Call,Reviewed service quality and customer feedback.,85
D009,2024-09-04,Call,Discussed sales performance and incentives.,57
D010,2024-11-03,Video Call,Reviewed service quality and customer feedback.,36
D010,2024-11-10,Email,Reviewed service quality and customer feedback.,81
D010,2024-03-05,Email,Talked about EV potential in the region.,30
D010,2024-05-22,Video Call,Discussed sales performance and incentives.,41
D010,2024-10-09,Call,Discussed sales performance and incentives.,63
D010,2024-06-27,Video Call,Aligned on quarterly targets and marketing support.,86
D010,2024-04-16,Video Call,Talked about EV potential in the region.,57
D010,2024-10-19,Call,Reviewed service quality and customer feedback.,64
D010,2024-10-10,Call,Reviewed service quality and customer feedback.,13
D010,2024-05-18,Email,Aligned on quarterly targets and marketing support.,17
D010,2024-01-18,Review Meeting,Addressed complaints related to warranty delays.,88
D010,2024-09-13,Review Meeting,Aligned on quarterly targets and marketing support.,49
D010,2024-10-23,Call,Discussed sales performance and incentives.,48
D010,2024-11-04,Call,Talked about EV potential in the region.,52
D010,2024-09-13,Review Meeting,Discussed sales performance and incentives.,77
D010,2024-07-02,Review Meeting,Addressed complaints related to warranty delays.,36
D010,2024-09-24,Video Call,Aligned on quarterly targets and marketing support.,55
D011,2024-05-07,Call,Talked about EV potential in the region.,69
D011,2024-04-15,Email,Aligned on quarterly targets and marketing support.,25
D011,2024-06-27,Call,Addressed complaints related to warranty delays.,37
D011,2024-03-24,Dealer Visit,Addressed complaints related to warranty delays.,34
D011,2024-06-13,Review Meeting,Reviewed service quality and customer feedback.,71
D011,2024-01-21,Email,Reviewed service quality and customer feedback.,20
D011,2024-06-22,Dealer Visit,Talked about EV potential in the region.,61
D011,2024-07-08,Video Call,Talked about EV potential in the region.,68
D011,2024-05-21,Email,Reviewed service quality and customer feedback.,52
D011,2024-07-29,Call,Reviewed service quality and customer feedback.,55
D011,2024-05-17,Email,Talked about EV potential in the region.,15
D011,2024-01-18,Email,Talked about EV potential in the region.,26
D011,2024-02-09,Email,Discussed sales performance and incentives.,43
D011,2024-02-19,Video Call,Talked about EV potential in the region.,29
D011,2024-12-19,Dealer Visit,Aligned on quarterly targets and marketing support.,36
D011,2024-11-19,Review Meeting,Addressed complaints related to warranty delays.,51
D011,2024-05-13,Dealer Visit,Aligned on quarterly targets and marketing support.,51
D012,2024-04-12,Call,Reviewed service quality and customer feedback.,73
D012,2024-06-30,Video Call,Discussed sales performance and incentives.,43
D012,2024-04-16,Email,Talked about EV potential in the region.,21
D012,2024-05-07,Review Meeting,Aligned on quarterly targets and marketing support.,65
D012,2024-03-15,Video Call,Aligned on quarterly targets and marketing support.,10
D012,2024-01-17,Video Call,Aligned on quarterly targets and marketing support.,79
D012,2024-05-12,Review Meeting,Reviewed service quality and customer feedback.,62
D012,2024-04-20,Video Call,Talked about EV potential in the region.,40
D012,2024-06-24,Review Meeting,Reviewed service quality and customer feedback.,55
D012,2024-02-06,Email,Talked about EV potential in the region.,41
D012,2024-06-27,Dealer Visit,Aligned on quarterly targets and marketing support.,85
D012,2024-10-17,Video Call,Talked about EV potential in the region.,74
D012,2024-09-24,Email,Addressed complaints related to warranty delays.,19
D012,2024-08-15,Dealer Visit,Talked about EV potential in the region.,60
D012,2024-05-15,Email,Talked about EV potential in the region.,83
D012,2024-10-25,Email,Talked about EV potential in the region.,17
D012,2024-07-21,Call,Addressed complaints related to warranty delays.,39
D012,2024-07-30,Dealer Visit,Addressed complaints related to warranty delays.,60
D013,2024-09-17,Review Meeting,Reviewed service quality and customer feedback.,84
D013,2024-07-21,Review Meeting,Discussed sales performance and incentives.,88
D013,2024-06-25,Email,Reviewed service quality and customer feedback.,41
D013,2024-05-08,Email,Talked about EV potential in the region.,15
D013,2024-05-13,Call,Aligned on quarterly targets and marketing support.,46
D013,2024-05-28,Email,Reviewed service quality and customer feedback.,11
D013,2024-11-07,Video Call,Reviewed service quality and customer feedback.,36
D013,2024-09-19,Video Call,Reviewed service quality and customer feedback.,31
D013,2024-07-30,Email,Aligned on quarterly targets and marketing support.,60
D013,2024-11-13,Call,Aligned on quarterly targets and marketing support.,55
D013,2024-12-04,Review Meeting,Aligned on quarterly targets and marketing support.,58
D013,2024-03-19,Review Meeting,Aligned on quarterly targets and marketing support.,83
D013,2024-02-26,Review Meeting,Addressed complaints related to warranty delays.,36
D013,2024-08-22,Email,Addressed complaints related to warranty delays.,74
D013,2024-08-31,Call,Talked about EV potential in the region.,68
D013,2024-07-10,Review Meeting,Addressed complaints related to warranty delays.,80
D013,2024-12-11,Call,Discussed sales performance and incentives.,72
D013,2024-04-06,Dealer Visit,Talked about EV potential in the region.,27
D013,2024-03-25,Dealer Visit,Addressed complaints related to warranty delays.,37
D013,2024-02-08,Call,Addressed complaints related to warranty delays.,78
D013,2024-11-05,Email,Talked about EV potential in the region.,29
D013,2024-11-08,Email,Discussed sales performance and incentives.,88
D013,2024-10-03,Call,Discussed sales performance and incentives.,33
D014,2024-08-09,Video Call,Reviewed service quality and customer feedback.,70
D014,2024-04-02,Review Meeting,Addressed complaints related to warranty delays.,84
D014,2024-05-10,Review Meeting,Addressed complaints related to warranty delays.,28
D014,2024-09-14,Review Meeting,Reviewed service quality and customer feedback.,89
D014,2024-04-16,Email,Talked about EV potential in the region.,43
D015,2024-11-12,Email,Aligned on quarterly targets and marketing support.,33
D015,2024-11-03,Review Meeting,Addressed complaints related to warranty delays.,30
D015,2024-06-02,Dealer Visit,Talked about EV potential in the region.,28
D015,2024-11-02,Call,Aligned on quarterly targets and marketing support.,59
D015,2024-02-22,Call,Talked about EV potential in the region.,44
D015,2024-10-13,Email,Discussed sales performance and incentives.,28
D015,2024-02-07,Call,Reviewed service quality and customer feedback.,73
D015,2024-07-29,Video Call,Talked about EV potential in the region.,37
D015,2024-02-28,Video Call,Aligned on quarterly targets and marketing support.,74
D015,2024-12-29,Dealer Visit,Addressed complaints related to warranty delays.,38
D015,2024-11-15,Email,Talked about EV potential in the region.,84
D015,2024-02-02,Email,Discussed sales performance and incentives.,70
D015,2024-10-18,Email,Aligned on quarterly targets and marketing support.,62
D015,2024-07-28,Video Call,Discussed sales performance and incentives.,40
D015,2024-02-23,Video Call,Discussed sales performance and incentives.,13
D015,2024-07-18,Call,Discussed sales performance and incentives.,33
D015,2024-03-12,Video Call,Discussed sales performance and incentives.,40
D015,2024-07-04,Dealer Visit,Reviewed service quality and customer feedback.,60
D015,2024-05-03,Review Meeting,Reviewed service quality and customer feedback.,23
D016,2024-01-13,Review Meeting,Reviewed service quality and customer feedback.,82
D016,2024-12-23,Video Call,Addressed complaints related to warranty delays.,69
D016,2024-08-03,Email,Aligned on quarterly targets and marketing support.,37
D016,2024-05-31,Dealer Visit,Aligned on quarterly targets and marketing support.,61
D016,2024-07-04,Dealer Visit,Reviewed service quality and customer feedback.,45
D016,2024-09-14,Email,Aligned on quarterly targets and marketing support.,37
D016,2024-04-21,Call,Addressed complaints related to warranty delays.,82
D016,2024-01-12,Dealer Visit,Aligned on quarterly targets and marketing support.,14
D016,2024-04-20,Review Meeting,Aligned on quarterly targets and marketing support.,80
D016,2024-03-09,Email,Discussed sales performance and incentives.,19
D016,2024-06-18,Dealer Visit,Reviewed service quality and customer feedback.,11
D016,2024-07-28,Video Call,Discussed sales performance and incentives.,47
D016,2024-06-27,Review Meeting,Discussed sales performance and incentives.,69
D016,2024-07-31,Review Meeting,Reviewed service quality and customer feedback.,21
D016,2024-06-10,Video Call,Talked about EV potential in the region.,72
D016,2024-01-13,Dealer Visit,Aligned on quarterly targets and marketing support.,60
D016,2024-02-26,Call,Talked about EV potential in the region.,76
D016,2024-01-17,Email,Addressed complaints related to warranty delays.,70
D016,2024-09-03,Video Call,Addressed complaints related to warranty delays.,22
D016,2024-08-28,Email,Addressed complaints related to warranty delays.,47
D016,2024-01-18,Email,Addressed complaints related to warranty delays.,76
D016,2024-02-26,Call,Talked about EV potential in the region.,33
D016,2024-06-29,Video Call,Aligned on quarterly targets and marketing support.,88
D017,2024-09-11,Review Meeting,Reviewed service quality and customer feedback.,81
D017,2024-02-14,Video Call,Addressed complaints related to warranty delays.,28
D017,2024-10-06,Review Meeting,Discussed sales performance and incentives.,64
D017,2024-12-28,Dealer Visit,Talked about EV potential in the region.,77
D017,2024-05-10,Call,Reviewed service quality and customer feedback.,17
D017,2024-06-06,Video Call,Discussed sales performance and incentives.,45
D018,2024-11-03,Dealer Visit,Talked about EV potential in the region.,20
D018,2024-04-04,Dealer Visit,Addressed complaints related to warranty delays.,12
D018,2024-05-29,Email,Aligned on quarterly targets and marketing support.,82
D018,2024-07-06,Review Meeting,Reviewed service quality and customer feedback.,80
D018,2024-10-03,Review Meeting,Aligned on quarterly targets and marketing support.,17
D018,2024-10-29,Email,Reviewed service quality and customer feedback.,41
D018,2024-07-23,Email,Addressed complaints related to warranty delays.,20
D018,2024-10-03,Dealer Visit,Addressed complaints related to warranty delays.,37
D018,2024-06-24,Dealer Visit,Aligned on quarterly targets and marketing support.,45
D018,2024-01-14,Video Call,Reviewed service quality and customer feedback.,10
D018,2024-08-02,Dealer Visit,Talked about EV potential in the region.,71
D018,2024-07-20,Email,Addressed complaints related to warranty delays.,43
D018,2024-11-23,Call,Talked about EV potential in the region.,52
D018,2024-08-04,Call,Aligned on quarterly targets and marketing support.,64
D018,2024-02-09,Dealer Visit,Reviewed service quality and customer feedback.,35
D019,2024-01-14,Email,Addressed complaints related to warranty delays.,44
D019,2024-05-07,Review Meeting,Aligned on quarterly targets and marketing support.,85
D019,2024-12-02,Email,Aligned on quarterly targets and marketing support.,66
D019,2024-08-15,Email,Aligned on quarterly targets and marketing support.,82
D019,2024-11-05,Email,Reviewed service quality and customer feedback.,18
D019,2024-02-09,Call,Addressed complaints related to warranty delays.,41
D019,2024-09-24,Call,Reviewed service quality and customer feedback.,82
D019,2024-01-01,Video Call,Discussed sales performance and incentives.,32
D019,2024-05-25,Video Call,Reviewed service quality and customer feedback.,36
D019,2024-12-19,Review Meeting,Talked about EV potential in the region.,88
D019,2024-12-28,Dealer Visit,Aligned on quarterly targets and marketing support.,64
D019,2024-10-20,Review Meeting,Aligned on quarterly targets and marketing support.,34
D019,2024-06-21,Review Meeting,Addressed complaints related to warranty delays.,61
D019,2024-05-22,Call,Addressed complaints related to warranty delays.,79
D019,2024-08-22,Call,Talked about EV potential in the region.,87
D019,2024-01-16,Review Meeting,Talked about EV potential in the region.,47
D019,2024-08-10,Review Meeting,Discussed sales performance and incentives.,51
D019,2024-10-28,Email,Addressed complaints related to warranty delays.,13
D019,2024-05-30,Dealer Visit,Aligned on quarterly targets and marketing support.,22
D019,2024-11-30,Call,Reviewed service quality and customer feedback.,76
D019,2024-08-09,Video Call,Discussed sales performance and incentives.,62
D020,2024-01-09,Email,Talked about EV potential in the region.,70
D020,2024-08-24,Video Call,Discussed sales performance and incentives.,85
D020,2024-05-15,Email,Discussed sales performance and incentives.,36
D020,2024-03-22,Dealer Visit,Reviewed service quality and customer feedback.,56
D020,2024-02-24,Review Meeting,Talked about EV potential in the region.,31
D020,2024-03-01,Review Meeting,Aligned on quarterly targets and marketing support.,15
D020,2024-10-15,Dealer Visit,Addressed complaints related to warranty delays.,78
D020,2024-03-19,Dealer Visit,Reviewed service quality and customer feedback.,88
D020,2024-11-07,Dealer Visit,Discussed sales performance and incentives.,61
D020,2024-01-23,Review Meeting,Talked about EV potential in the region.,57
D020,2024-08-02,Review Meeting,Talked about EV potential in the region.,42
D020,2024-02-23,Review Meeting,Addressed complaints related to warranty delays.,52
D020,2024-11-26,Dealer Visit,Talked about EV potential in the region.,51
D020,2024-07-05,Video Call,Talked about EV potential in the region.,18
D020,2024-03-23,Review Meeting,Talked about EV potential in the region.,73
D020,2024-02-11,Review Meeting,Discussed sales performance and incentives.,84
D020,2024-12-19,Dealer Visit,Aligned on quarterly targets and marketing support.,69
D020,2024-01-02,Call,Talked about EV potential in the region.,52
D020,2024-06-06,Dealer Visit,Reviewed service quality and customer feedback.,48
D021,2024-09-26,Dealer Visit,Reviewed service quality and customer feedback.,81
D021,2024-09-13,Video Call,Reviewed service quality and customer feedback.,62
D021,2024-07-31,Email,Aligned on quarterly targets and marketing support.,74
D021,2024-02-16,Dealer Visit,Addressed complaints related to warranty delays.,37
D021,2024-09-09,Video Call,Aligned on quarterly targets and marketing support.,64
D021,2024-07-13,Email,Aligned on quarterly targets and marketing support.,14
D021,2024-10-03,Call,Discussed sales performance and incentives.,81
D021,2024-05-10,Email,Addressed complaints related to warranty delays.,45
D021,2024-03-13,Video Call,Talked about EV potential in the region.,70
D021,2024-09-26,Email,Aligned on quarterly targets and marketing support.,64
D021,2024-06-29,Video Call,Addressed complaints related to warranty delays.,24
D021,2024-09-03,Call,Discussed sales performance and incentives.,77
D021,2024-03-09,Email,Talked about EV potential in the region.,43
D021,2024-07-07,Call,Addressed complaints related to warranty delays.,51
D021,2024-01-17,Email,Reviewed service quality and customer feedback.,56
D021,2024-12-11,Email,Reviewed service quality and customer feedback.,39
D021,2024-01-17,Email,Talked about EV potential in the region.,23
D021,2024-01-01,Video Call,Talked about EV potential in the region.,16
D021,2024-01-13,Video Call,Addressed complaints related to warranty delays.,78
D021,2024-05-09,Review Meeting,Reviewed service quality and customer feedback.,76
D021,2024-04-28,Review Meeting,Aligned on quarterly targets and marketing support.,43
D021,2024-05-26,Video Call,Discussed sales performance and incentives.,51
D021,2024-11-07,Call,Discussed sales performance and incentives.,76
D021,2024-10-01,Email,Discussed sales performance and incentives.,82
D022,2024-02-13,Call,Reviewed service quality and customer feedback.,40
D022,2024-06-06,Email,Aligned on quarterly targets and marketing support.,21
D022,2024-08-09,Call,Aligned on quarterly targets and marketing support.,82
D022,2024-08-25,Dealer Visit,Reviewed service quality and customer feedback.,24
D022,2024-12-14,Video Call,Reviewed service quality and customer feedback.,39
D022,2024-06-30,Video Call,Discussed sales performance and incentives.,53
D022,2024-03-02,Video Call,Talked about EV potential in the region.,72
D022,2024-07-29,Call,Talked about EV potential in the region.,79
D022,2024-07-07,Dealer Visit,Discussed sales performance and incentives.,80
D022,2024-01-24,Email,Talked about EV potential in the region.,48
D022,2024-05-12,Dealer Visit,Aligned on quarterly targets and marketing support.,86
D022,2024-03-01,Call,Discussed sales performance and incentives.,51
D022,2024-12-26,Call,Reviewed service quality and customer feedback.,64
D022,2024-02-17,Email,Discussed sales performance and incentives.,11
D023,2024-09-30,Dealer Visit,Addressed complaints related to warranty delays.,41
D023,2024-12-28,Dealer Visit,Addressed complaints related to warranty delays.,58
D023,2024-11-11,Email,Discussed sales performance and incentives.,47
D023,2024-06-08,Call,Talked about EV potential in the region.,74
D023,2024-01-19,Call,Aligned on quarterly targets and marketing support.,39
D023,2024-12-09,Dealer Visit,Aligned on quarterly targets and marketing support.,27
D024,2024-07-02,Call,Reviewed service quality and customer feedback.,42
D024,2024-08-24,Email,Discussed sales performance and incentives.,64
D024,2024-04-25,Call,Discussed sales performance and incentives.,83
D024,2024-12-13,Video Call,Talked about EV potential in the region.,55
D024,2024-10-05,Video Call,Reviewed service quality and customer feedback.,77
D024,2024-04-03,Email,Reviewed service quality and customer feedback.,31
D024,2024-11-02,Dealer Visit,Discussed sales performance and incentives.,57
D024,2024-01-07,Review Meeting,Addressed complaints related to warranty delays.,63
D024,2024-03-27,Call,Addressed complaints related to warranty delays.,46
D024,2024-04-17,Dealer Visit,Aligned on quarterly targets and marketing support.,26
D024,2024-12-14,Video Call,Reviewed service quality and customer feedback.,37
D025,2024-07-09,Dealer Visit,Aligned on quarterly targets and marketing support.,18
D025,2024-09-16,Review Meeting,Aligned on quarterly targets and marketing support.,70
D025,2024-10-02,Dealer Visit,Discussed sales performance and incentives.,54
D025,2024-09-11,Call,Reviewed service quality and customer feedback.,50
D025,2024-02-02,Call,Addressed complaints related to warranty delays.,88
D025,2024-12-02,Email,Talked about EV potential in the region.,44
D025,2024-09-08,Email,Talked about EV potential in the region.,83
D025,2024-12-02,Dealer Visit,Reviewed service quality and customer feedback.,53
D025,2024-11-14,Video Call,Discussed sales performance and incentives.,31
D025,2024-01-09,Dealer Visit,Addressed complaints related to warranty delays.,89
D025,2024-01-05,Review Meeting,Addressed complaints related to warranty delays.,48
D025,2024-07-23,Review Meeting,Talked about EV potential in the region.,88
D025,2024-07-08,Call,Talked about EV potential in the region.,79
D025,2024-08-24,Dealer Visit,Addressed complaints related to warranty delays.,42
D025,2024-01-18,Review Meeting,Addressed complaints related to warranty delays.,80
D025,2024-04-20,Dealer Visit,Aligned on quarterly targets and marketing support.,20
D025,2024-11-26,Video Call,Discussed sales performance and incentives.,17
D025,2024-11-14,Dealer Visit,Aligned on quarterly targets and marketing support.,57
D025,2024-01-18,Email,Discussed sales performance and incentives.,65
D025,2024-11-13,Dealer Visit,Aligned on quarterly targets and marketing support.,85
D026,2024-04-07,Review Meeting,Discussed sales performance and incentives.,73
D026,2024-11-30,Review Meeting,Discussed sales performance and incentives.,62
D026,2024-07-30,Video Call,Talked about EV potential in the region.,83
D026,2024-11-22,Dealer Visit,Aligned on quarterly targets and marketing support.,56
D026,2024-03-06,Review Meeting,Aligned on quarterly targets and marketing support.,79
D026,2024-09-17,Video Call,Addressed complaints related to warranty delays.,82
D026,2024-08-31,Dealer Visit,Aligned on quarterly targets and marketing support.,71
D026,2024-12-07,Call,Discussed sales performance and incentives.,56
D026,2024-11-06,Review Meeting,Discussed sales performance and incentives.,72
D026,2024-06-15,Call,Talked about EV potential in the region.,17
D026,2024-02-02,Dealer Visit,Discussed sales performance and incentives.,17
D026,2024-11-25,Call,Aligned on quarterly targets and marketing support.,26
D026,2024-12-23,Review Meeting,Talked about EV potential in the region.,80
D026,2024-06-23,Review Meeting,Aligned on quarterly targets and marketing support.,24
D026,2024-11-04,Email,Aligned on quarterly targets and marketing support.,81
D026,2024-03-26,Call,Addressed complaints related to warranty delays.,34
D026,2024-04-07,Review Meeting,Addressed complaints related to warranty delays.,68
D026,2024-05-23,Dealer Visit,Talked about EV potential in the region.,81
D027,2024-10-18,Call,Talked about EV potential in the region.,27
D027,2024-06-24,Call,Addressed complaints related to warranty delays.,34
D027,2024-04-08,Dealer Visit,Reviewed service quality and customer feedback.,35
D027,2024-03-31,Review Meeting,Talked about EV potential in the region.,21
D027,2024-12-23,Email,Addressed complaints related to warranty delays.,18
D027,2024-12-08,Call,Talked about EV potential in the region.,78
D027,2024-05-10,Email,Reviewed service quality and customer feedback.,45
D027,2024-04-02,Call,Reviewed service quality and customer feedback.,12
D027,2024-12-22,Call,Aligned on quarterly targets and marketing support.,56
D027,2024-01-09,Call,Aligned on quarterly targets and marketing support.,78
D027,2024-01-09,Review Meeting,Addressed complaints related to warranty delays.,52
D027,2024-08-30,Call,Talked about EV potential in the region.,16
D027,2024-06-16,Dealer Visit,Discussed sales performance and incentives.,77
D027,2024-11-02,Call,Reviewed service quality and customer feedback.,10
D027,2024-03-29,Call,Reviewed service quality and customer feedback.,15
D027,2024-06-15,Email,Talked about EV potential in the region.,67
D028,2024-02-08,Review Meeting,Addressed complaints related to warranty delays.,50
D028,2024-06-25,Video Call,Reviewed service quality and customer feedback.,64
D028,2024-10-21,Video Call,Reviewed service quality and customer feedback.,10
D028,2024-09-06,Video Call,Discussed sales performance and incentives.,88
D028,2024-03-26,Call,Talked about EV potential in the region.,65
D028,2024-12-10,Email,Talked about EV potential in the region.,16
D028,2024-02-13,Review Meeting,Discussed sales performance and incentives.,62
D029,2024-09-04,Video Call,Addressed complaints related to warranty delays.,80
D029,2024-10-27,Call,Aligned on quarterly targets and marketing support.,12
D029,2024-02-01,Email,Addressed complaints related to warranty delays.,42
D029,2024-06-05,Video Call,Discussed sales performance and incentives.,84
D029,2024-12-31,Email,Addressed complaints related to warranty delays.,32
D029,2024-02-27,Dealer Visit,Talked about EV potential in the region.,31
D029,2024-10-16,Dealer Visit,Talked about EV potential in the region.,19
D029,2024-08-05,Call,Addressed complaints related to warranty delays.,81
D029,2024-01-04,Call,Reviewed service quality and customer feedback.,25
D029,2024-04-04,Review Meeting,Discussed sales performance and incentives.,63
D029,2024-01-22,Call,Discussed sales performance and incentives.,84
D029,2024-05-19,Dealer Visit,Discussed sales performance and incentives.,68
D029,2024-10-16,Email,Talked about EV potential in the region.,44
D029,2024-01-30,Email,Reviewed service quality and customer feedback.,52
D029,2024-08-20,Dealer Visit,Discussed sales performance and incentives.,19
D029,2024-07-05,Review Meeting,Aligned on quarterly targets and marketing support.,72
D029,2024-03-04,Dealer Visit,Talked about EV potential in the region.,30
D029,2024-02-20,Dealer Visit,Aligned on quarterly targets and marketing support.,19
D029,2024-04-11,Video Call,Talked about EV potential in the region.,47
D029,2024-04-26,Call,Addressed complaints related to warranty delays.,46
D029,2024-10-31,Video Call,Discussed sales performance and incentives.,48
D030,2024-10-01,Review Meeting,Discussed sales performance and incentives.,47
D030,2024-05-01,Dealer Visit,Reviewed service quality and customer feedback.,69
D030,2024-08-29,Review Meeting,Discussed sales performance and incentives.,72
D030,2024-08-25,Email,Discussed sales performance and incentives.,12
D030,2024-01-13,Email,Talked about EV potential in the region.,63
D031,2024-09-09,Video Call,Talked about EV potential in the region.,59
D031,2024-09-09,Call,Addressed complaints related to warranty delays.,86
D031,2024-06-18,Email,Discussed sales performance and incentives.,34
D031,2024-12-28,Video Call,Reviewed service quality and customer feedback.,43
D031,2024-05-12,Video Call,Addressed complaints related to warranty delays.,21
D031,2024-02-27,Video Call,Addressed complaints related to warranty delays.,76
D031,2024-02-11,Dealer Visit,Aligned on quarterly targets and marketing support.,50
D031,2024-07-07,Video Call,Addressed complaints related to warranty delays.,62
D031,2024-06-18,Email,Reviewed service quality and customer feedback.,14
D032,2024-04-17,Review Meeting,Reviewed service quality and customer feedback.,46
D032,2024-10-28,Dealer Visit,Discussed sales performance and incentives.,21
D032,2024-10-16,Email,Discussed sales performance and incentives.,48
D032,2024-10-27,Dealer Visit,Addressed complaints related to warranty delays.,85
D032,2024-03-14,Video Call,Discussed sales performance and incentives.,50
D033,2024-02-01,Video Call,Discussed sales performance and incentives.,52
D033,2024-09-15,Email,Talked about EV potential in the region.,29
D033,2024-09-05,Call,Reviewed service quality and customer feedback.,11
D033,2024-11-18,Review Meeting,Reviewed service quality and customer feedback.,72
D033,2024-12-08,Email,Aligned on quarterly targets and marketing support.,86
D033,2024-01-21,Call,Reviewed service quality and customer feedback.,17
D033,2024-02-22,Video Call,Discussed sales performance and incentives.,58
D033,2024-02-10,Call,Reviewed service quality and customer feedback.,37
D033,2024-06-22,Review Meeting,Aligned on quarterly targets and marketing support.,63
D033,2024-06-13,Video Call,Aligned on quarterly targets and marketing support.,30
D033,2024-09-28,Call,Addressed complaints related to warranty delays.,76
D033,2024-05-05,Call,Addressed complaints related to warranty delays.,74
D033,2024-01-04,Dealer Visit,Aligned on quarterly targets and marketing support.,75
D033,2024-06-23,Call,Addressed complaints related to warranty delays.,59
D033,2024-01-03,Review Meeting,Discussed sales performance and incentives.,33
D033,2024-04-08,Email,Reviewed service quality and customer feedback.,18
D033,2024-09-20,Dealer Visit,Talked about EV potential in the region.,13
D033,2024-11-18,Video Call,Talked about EV potential in the region.,56
D033,2024-01-10,Email,Talked about EV potential in the region.,31
D033,2024-08-28,Video Call,Aligned on quarterly targets and marketing support.,88
D033,2024-05-27,Video Call,Reviewed service quality and customer feedback.,64
D033,2024-04-28,Call,Reviewed service quality and customer feedback.,62
D033,2024-09-24,Dealer Visit,Addressed complaints related to warranty delays.,60
D033,2024-04-21,Call,Reviewed service quality and customer feedback.,47
D034,2024-11-10,Call,Reviewed service quality and customer feedback.,83
D034,2024-04-19,Email,Aligned on quarterly targets and marketing support.,64
D034,2024-11-18,Video Call,Aligned on quarterly targets and marketing support.,82
D034,2024-11-25,Call,Addressed complaints related to warranty delays.,88
D034,2024-07-07,Video Call,Reviewed service quality and customer feedback.,31
D034,2024-02-13,Email,Talked about EV potential in the region.,52
D034,2024-01-16,Email,Talked about EV potential in the region.,85
D034,2024-02-09,Call,Discussed sales performance and incentives.,13
D034,2024-11-15,Dealer Visit,Talked about EV potential in the region.,31
D034,2024-09-05,Review Meeting,Discussed sales performance and incentives.,23
D034,2024-01-01,Dealer Visit,Talked about EV potential in the region.,66
D034,2024-01-17,Dealer Visit,Discussed sales performance and incentives.,42
D034,2024-03-01,Dealer Visit,Talked about EV potential in the region.,33
D034,2024-10-30,Email,Addressed complaints related to warranty delays.,18
D034,2024-05-03,Call,Talked about EV potential in the region.,35
D034,2024-04-14,Video Call,Reviewed service quality and customer feedback.,30
D034,2024-11-24,Call,Aligned on quarterly targets and marketing support.,24
D034,2024-03-12,Email,Addressed complaints related to warranty delays.,89
D034,2024-07-04,Review Meeting,Reviewed service quality and customer feedback.,19
D034,2024-10-19,Call,Aligned on quarterly targets and marketing support.,37
D034,2024-12-11,Call,Reviewed service quality and customer feedback.,42
D035,2024-06-30,Call,Discussed sales performance and incentives.,44
D035,2024-09-16,Call,Reviewed service quality and customer feedback.,48
D035,2024-02-21,Dealer Visit,Reviewed service quality and customer feedback.,62
D035,2024-04-01,Email,Talked about EV potential in the region.,55
D035,2024-07-02,Call,Addressed complaints related to warranty delays.,30
D035,2024-07-20,Review Meeting,Talked about EV potential in the region.,52
D035,2024-05-21,Call,Discussed sales performance and incentives.,79
D035,2024-09-22,Call,Reviewed service quality and customer feedback.,75
D035,2024-11-03,Email,Reviewed service quality and customer feedback.,76
D035,2024-01-05,Call,Talked about EV potential in the region.,85
D035,2024-12-29,Call,Discussed sales performance and incentives.,87
D035,2024-07-05,Email,Discussed sales performance and incentives.,77
D035,2024-08-01,Dealer Visit,Addressed complaints related to warranty delays.,36
D035,2024-11-17,Email,Aligned on quarterly targets and marketing support.,53
D035,2024-03-27,Email,Discussed sales performance and incentives.,60
D035,2024-08-14,Email,Aligned on quarterly targets and marketing support.,59
D035,2024-02-06,Dealer Visit,Talked about EV potential in the region.,68
D035,2024-05-23,Dealer Visit,Reviewed service quality and customer feedback.,12
D035,2024-08-11,Video Call,Talked about EV potential in the region.,81
D035,2024-05-04,Email,Reviewed service quality and customer feedback.,11
D036,2024-10-18,Call,Addressed complaints related to warranty delays.,66
D036,2024-02-05,Review Meeting,Addressed complaints related to warranty delays.,77
D036,2024-07-19,Dealer Visit,Talked about EV potential in the region.,48
D036,2024-07-13,Email,Aligned on quarterly targets and marketing support.,66
D036,2024-11-27,Review Meeting,Aligned on quarterly targets and marketing support.,25
D036,2024-07-29,Call,Discussed sales performance and incentives.,70
D036,2024-03-24,Video Call,Aligned on quarterly targets and marketing support.,68
D036,2024-02-17,Dealer Visit,Aligned on quarterly targets and marketing support.,72
D036,2024-07-19,Dealer Visit,Addressed complaints related to warranty delays.,89
D036,2024-08-26,Dealer Visit,Addressed complaints related to warranty delays.,33
D036,2024-06-02,Call,Aligned on quarterly targets and marketing support.,75
D036,2024-06-27,Video Call,Aligned on quarterly targets and marketing support.,62
D036,2024-09-29,Review Meeting,Aligned on quarterly targets and marketing support.,79
D036,2024-06-10,Video Call,Addressed complaints related to warranty delays.,13
D036,2024-06-15,Review Meeting,Talked about EV potential in the region.,89
D036,2024-01-08,Email,Talked about EV potential in the region.,17
D036,2024-03-11,Dealer Visit,Discussed sales performance and incentives.,85
D036,2024-01-15,Video Call,Addressed complaints related to warranty delays.,30
D037,2024-04-03,Dealer Visit,Discussed sales performance and incentives.,11
D037,2024-07-11,Video Call,Discussed sales performance and incentives.,54
D037,2024-06-08,Email,Addressed complaints related to warranty delays.,64
D037,2024-01-27,Video Call,Addressed complaints related to warranty delays.,79
D037,2024-01-22,Dealer Visit,Reviewed service quality and customer feedback.,69
D037,2024-05-27,Call,Reviewed service quality and customer feedback.,75
D037,2024-11-25,Dealer Visit,Talked about EV potential in the region.,78
D037,2024-05-16,Review Meeting,Discussed sales performance and incentives.,25
D037,2024-11-28,Dealer Visit,Addressed complaints related to warranty delays.,73
D037,2024-01-20,Email,Talked about EV potential in the region.,88
D037,2024-12-12,Dealer Visit,Reviewed service quality and customer feedback.,74
D037,2024-03-23,Dealer Visit,Addressed complaints related to warranty delays.,26
D037,2024-03-21,Video Call,Talked about EV potential in the region.,72
D037,2024-06-14,Review Meeting,Discussed sales performance and incentives.,42
D037,2024-03-08,Video Call,Addressed complaints related to warranty delays.,48
D037,2024-06-30,Review Meeting,Reviewed service quality and customer feedback.,59
D037,2024-01-10,Review Meeting,Reviewed service quality and customer feedback.,67
D037,2024-08-30,Email,Addressed complaints related to warranty delays.,63
D038,2024-07-25,Video Call,Reviewed service quality and customer feedback.,27
D038,2024-08-18,Email,Discussed sales performance and incentives.,25
D038,2024-05-03,Call,Discussed sales performance and incentives.,59
D038,2024-05-27,Dealer Visit,Addressed complaints related to warranty delays.,71
D038,2024-03-01,Dealer Visit,Discussed sales performance and incentives.,68
D038,2024-11-24,Review Meeting,Aligned on quarterly targets and marketing support.,19
D038,2024-10-09,Call,Talked about EV potential in the region.,80
D038,2024-11-28,Review Meeting,Reviewed service quality and customer feedback.,16
D038,2024-04-25,Dealer Visit,Talked about EV potential in the region.,80
D038,2024-09-08,Dealer Visit,Talked about EV potential in the region.,29
D038,2024-09-20,Call,Discussed sales performance and incentives.,14
D038,2024-11-03,Dealer Visit,Addressed complaints related to warranty delays.,67
D038,2024-01-08,Dealer Visit,Discussed sales performance and incentives.,80
D038,2024-12-26,Review Meeting,Talked about EV potential in the region.,84
D038,2024-12-11,Call,Talked about EV potential in the region.,46
D038,2024-12-25,Email,Addressed complaints related to warranty delays.,23
D038,2024-04-04,Call,Talked about EV potential in the region.,35
D038,2024-05-10,Video Call,Talked about EV potential in the region.,72
D038,2024-04-25,Dealer Visit,Reviewed service quality and customer feedback.,33
D038,2024-03-17,Email,Aligned on quarterly targets and marketing support.,74
D039,2024-09-19,Video Call,Reviewed service quality and customer feedback.,19
D039,2024-11-25,Review Meeting,Addressed complaints related to warranty delays.,73
D039,2024-04-25,Video Call,Reviewed service quality and customer feedback.,68
D039,2024-10-23,Review Meeting,Reviewed service quality and customer feedback.,41
D039,2024-05-07,Email,Talked about EV potential in the region.,88
D039,2024-01-20,Video Call,Reviewed service quality and customer feedback.,36
D039,2024-08-19,Dealer Visit,Discussed sales performance and incentives.,75
D039,2024-02-16,Review Meeting,Aligned on quarterly targets and marketing support.,56
D039,2024-06-05,Review Meeting,Discussed sales performance and incentives.,77
D039,2024-01-25,Dealer Visit,Addressed complaints related to warranty delays.,81
D039,2024-11-08,Video Call,Addressed complaints related to warranty delays.,67
D039,2024-02-13,Dealer Visit,Addressed complaints related to warranty delays.,27
D039,2024-05-17,Call,Aligned on quarterly targets and marketing support.,26
D039,2024-06-11,Dealer Visit,Talked about EV potential in the region.,56
D039,2024-01-24,Call,Reviewed service quality and customer feedback.,61
D039,2024-04-18,Video Call,Talked about EV potential in the region.,53
D039,2024-06-17,Dealer Visit,Discussed sales performance and incentives.,14
D039,2024-03-01,Video Call,Aligned on quarterly targets and marketing support.,77
D039,2024-01-28,Call,Talked about EV potential in the region.,86
D039,2024-03-09,Dealer Visit,Reviewed service quality and customer feedback.,64
D040,2024-08-18,Call,Talked about EV potential in the region.,31
D040,2024-04-01,Video Call,Discussed sales performance and incentives.,77
D040,2024-09-07,Call,Discussed sales performance and incentives.,11
D040,2024-08-25,Email,Aligned on quarterly targets and marketing support.,67
D040,2024-10-13,Email,Reviewed service quality and customer feedback.,66
D040,2024-01-14,Email,Aligned on quarterly targets and marketing support.,67
D040,2024-05-05,Email,Talked about EV potential in the region.,47
D040,2024-07-09,Review Meeting,Aligned on quarterly targets and marketing support.,77
D040,2024-02-03,Call,Aligned on quarterly targets and marketing support.,40
D040,2024-12-16,Review Meeting,Reviewed service quality and customer feedback.,20
D040,2024-08-02,Dealer Visit,Aligned on quarterly targets and marketing support.,85
D040,2024-03-26,Call,Discussed sales performance and incentives.,47
D040,2024-02-08,Video Call,Discussed sales performance and incentives.,13
D040,2024-02-13,Video Call,Talked about EV potential in the region.,16
D040,2024-05-24,Call,Discussed sales performance and incentives.,68
D040,2024-04-01,Video Call,Reviewed service quality and customer feedback.,66
D040,2024-10-26,Email,Reviewed service quality and customer feedback.,67
D041,2024-01-02,Call,Addressed complaints related to warranty delays.,72
D041,2024-01-24,Call,Talked about EV potential in the region.,32
D041,2024-08-15,Review Meeting,Addressed complaints related to warranty delays.,55
D041,2024-02-10,Email,Discussed sales performance and incentives.,31
D041,2024-07-18,Email,Reviewed service quality and customer feedback.,64
D041,2024-04-21,Review Meeting,Aligned on quarterly targets and marketing support.,19
D041,2024-03-05,Dealer Visit,Discussed sales performance and incentives.,30
D041,2024-03-09,Call,Talked about EV potential in the region.,82
D041,2024-08-09,Dealer Visit,Reviewed service quality and customer feedback.,88
D041,2024-03-31,Email,Addressed complaints related to warranty delays.,40
D041,2024-02-28,Review Meeting,Talked about EV potential in the region.,34
D041,2024-07-11,Video Call,Talked about EV potential in the region.,88
D041,2024-12-31,Dealer Visit,Discussed sales performance and incentives.,36
D042,2024-08-03,Call,Aligned on quarterly targets and marketing support.,83
D042,2024-01-14,Review Meeting,Addressed complaints related to warranty delays.,47
D042,2024-06-10,Email,Reviewed service quality and customer feedback.,65
D042,2024-04-14,Call,Talked about EV potential in the region.,47
D042,2024-07-11,Call,Aligned on quarterly targets and marketing support.,16
D042,2024-01-23,Call,Talked about EV potential in the region.,33
D042,2024-05-25,Review Meeting,Aligned on quarterly targets and marketing support.,20
D042,2024-12-12,Dealer Visit,Discussed sales performance and incentives.,51
D042,2024-05-11,Call,Reviewed service quality and customer feedback.,42
D042,2024-10-16,Dealer Visit,Talked about EV potential in the region.,52
D042,2024-03-05,Call,Aligned on quarterly targets and marketing support.,73
D042,2024-06-22,Call,Talked about EV potential in the region.,27
D042,2024-10-02,Email,Aligned on quarterly targets and marketing support.,28
D042,2024-07-30,Email,Talked about EV potential in the region.,12
D042,2024-06-24,Call,Addressed complaints related to warranty delays.,82
D042,2024-05-01,Email,Reviewed service quality and customer feedback.,49
D042,2024-01-29,Video Call,Aligned on quarterly targets and marketing support.,15
D042,2024-11-15,Video Call,Reviewed service quality and customer feedback.,49
D042,2024-04-05,Email,Discussed sales performance and incentives.,24
D042,2024-02-10,Video Call,Aligned on quarterly targets and marketing support.,83
D043,2024-04-08,Email,Talked about EV potential in the region.,50
D043,2024-02-12,Dealer Visit,Talked about EV potential in the region.,17
D043,2024-06-14,Review Meeting,Discussed sales performance and incentives.,80
D043,2024-08-20,Dealer Visit,Discussed sales performance and incentives.,53
D043,2024-08-12,Call,Talked about EV potential in the region.,41
D043,2024-03-12,Review Meeting,Aligned on quarterly targets and marketing support.,46
D043,2024-05-26,Review Meeting,Reviewed service quality and customer feedback.,32
D043,2024-09-21,Review Meeting,Discussed sales performance and incentives.,30
D043,2024-10-24,Email,Addressed complaints related to warranty delays.,74
D043,2024-01-31,Email,Addressed complaints related to warranty delays.,41
D043,2024-12-25,Email,Addressed complaints related to warranty delays.,10
D044,2024-07-09,Dealer Visit,Aligned on quarterly targets and marketing support.,40
D044,2024-03-17,Video Call,Discussed sales performance and incentives.,41
D044,2024-07-04,Email,Discussed sales performance and incentives.,76
D044,2024-12-13,Review Meeting,Addressed complaints related to warranty delays.,22
D044,2024-12-10,Review Meeting,Addressed complaints related to warranty delays.,77
D044,2024-03-12,Review Meeting,Reviewed service quality and customer feedback.,56
D044,2024-12-27,Call,Aligned on quarterly targets and marketing support.,38
D044,2024-06-17,Dealer Visit,Reviewed service quality and customer feedback.,44
D044,2024-12-17,Dealer Visit,Reviewed service quality and customer feedback.,34
D044,2024-06-03,Dealer Visit,Discussed sales performance and incentives.,21
D044,2024-10-28,Email,Discussed sales performance and incentives.,40
D044,2024-05-18,Email,Reviewed service quality and customer feedback.,57
D044,2024-12-30,Dealer Visit,Addressed complaints related to warranty delays.,59
D044,2024-08-19,Video Call,Talked about EV potential in the region.,19
D044,2024-09-03,Call,Discussed sales performance and incentives.,53
D044,2024-03-16,Email,Addressed complaints related to warranty delays.,67
D044,2024-07-21,Email,Addressed complaints related to warranty delays.,80
D044,2024-10-25,Video Call,Talked about EV potential in the region.,37
D044,2024-12-08,Review Meeting,Aligned on quarterly targets and marketing support.,48
D044,2024-03-19,Call,Addressed complaints related to warranty delays.,45
D044,2024-01-25,Review Meeting,Addressed complaints related to warranty delays.,46
D044,2024-07-21,Email,Discussed sales performance and incentives.,60
D045,2024-12-24,Email,Reviewed service quality and customer feedback.,27
D045,2024-06-13,Dealer Visit,Addressed complaints related to warranty delays.,88
D045,2024-08-05,Review Meeting,Addressed complaints related to warranty delays.,45
D045,2024-02-21,Call,Discussed sales performance and incentives.,14
D045,2024-02-07,Review Meeting,Discussed sales performance and incentives.,12
D045,2024-06-18,Video Call,Addressed complaints related to warranty delays.,74
D045,2024-06-29,Video Call,Aligned on quarterly targets and marketing support.,62
D045,2024-07-09,Video Call,Aligned on quarterly targets and marketing support.,59
D045,2024-07-01,Email,Addressed complaints related to warranty delays.,34
D046,2024-02-18,Review Meeting,Aligned on quarterly targets and marketing support.,41
D046,2024-08-09,Call,Reviewed service quality and customer feedback.,44
D046,2024-03-19,Video Call,Aligned on quarterly targets and marketing support.,15
D046,2024-12-09,Dealer Visit,Addressed complaints related to warranty delays.,85
D046,2024-01-14,Review Meeting,Aligned on quarterly targets and marketing support.,57
D046,2024-01-02,Call,Aligned on quarterly targets and marketing support.,24
D046,2024-01-14,Video Call,Reviewed service quality and customer feedback.,75
D046,2024-02-21,Call,Aligned on quarterly targets and marketing support.,42
D046,2024-07-23,Video Call,Talked about EV potential in the region.,56
D046,2024-11-19,Call,Talked about EV potential in the region.,85
D046,2024-09-04,Video Call,Talked about EV potential in the region.,84
D046,2024-08-19,Video Call,Aligned on quarterly targets and marketing support.,52
D047,2024-05-15,Call,Reviewed service quality and customer feedback.,14
D047,2024-03-21,Dealer Visit,Talked about EV potential in the region.,70
D047,2024-07-18,Email,Talked about EV potential in the region.,72
D047,2024-11-15,Video Call,Aligned on quarterly targets and marketing support.,33
D047,2024-09-12,Review Meeting,Discussed sales performance and incentives.,15
D047,2024-07-28,Dealer Visit,Aligned on quarterly targets and marketing support.,18
D047,2024-12-25,Dealer Visit,Aligned on quarterly targets and marketing support.,58
D047,2024-11-10,Email,Addressed complaints related to warranty delays.,64
D047,2024-10-21,Video Call,Discussed sales performance and incentives.,53
D047,2024-05-19,Review Meeting,Reviewed service quality and customer feedback.,35
D047,2024-10-27,Call,Talked about EV potential in the region.,28
D047,2024-08-30,Review Meeting,Aligned on quarterly targets and marketing support.,51
D047,2024-10-10,Dealer Visit,Addressed complaints related to warranty delays.,77
D047,2024-06-19,Review Meeting,Discussed sales performance and incentives.,15
D047,2024-07-18,Dealer Visit,Reviewed service quality and customer feedback.,69
D047,2024-12-18,Dealer Visit,Discussed sales performance and incentives.,45
D047,2024-09-28,Dealer Visit,Discussed sales performance and incentives.,21
D047,2024-03-26,Email,Discussed sales performance and incentives.,76
D048,2024-09-22,Video Call,Reviewed service quality and customer feedback.,47
D048,2024-02-17,Video Call,Talked about EV potential in the region.,86
D048,2024-07-07,Email,Addressed complaints related to warranty delays.,44
D048,2024-11-12,Email,Discussed sales performance and incentives.,58
D048,2024-11-05,Call,Reviewed service quality and customer feedback.,19
D048,2024-09-28,Video Call,Aligned on quarterly targets and marketing support.,53
D048,2024-10-18,Review Meeting,Aligned on quarterly targets and marketing support.,60
D048,2024-12-08,Dealer Visit,Aligned on quarterly targets and marketing support.,83
D048,2024-09-05,Review Meeting,Addressed complaints related to warranty delays.,82
D048,2024-08-07,Video Call,Talked about EV potential in the region.,23
D049,2024-06-27,Dealer Visit,Talked about EV potential in the region.,58
D049,2024-07-01,Call,Talked about EV potential in the region.,79
D049,2024-06-13,Call,Aligned on quarterly targets and marketing support.,65
D049,2024-04-09,Call,Reviewed service quality and customer feedback.,11
D049,2024-03-01,Review Meeting,Reviewed service quality and customer feedback.,86
D050,2024-04-19,Dealer Visit,Reviewed service quality and customer feedback.,27
D050,2024-10-22,Dealer Visit,Talked about EV potential in the region.,34
D050,2024-05-21,Email,Addressed complaints related to warranty delays.,56
D050,2024-02-02,Call,Discussed sales performance and incentives.,85
D050,2024-03-17,Email,Reviewed service quality and customer feedback.,26
D050,2024-07-05,Dealer Visit,Addressed complaints related to warranty delays.,87
D050,2024-01-19,Call,Reviewed service quality and customer feedback.,23
